Name,Namespace,Path
Svc,LibHac.Svc,LibHac/Svc/ResultSvc.cs
Fs,LibHac.Fs,LibHac/Fs/ResultFs.cs
Os,,
Ncm,LibHac.Ncm,LibHac/Ncm/ResultNcm.cs
Dd,,
Lr,LibHac.Lr,LibHac/Lr/ResultLr.cs
Loader,LibHac.Loader,LibHac/Loader/ResultLoader.cs
Sf,LibHac.Sf,LibHac/Sf/ResultSf.cs
Hipc,,
Dnmt,,
Pm,,
Ns,,
Kvdb,LibHac.Kvdb,LibHac/Kvdb/ResultKvdb.cs
Sm,LibHac.Sm,LibHac/Sm/ResultSm.cs
Ro,,
Sdmmc,LibHac.FsSrv,LibHac/FsSrv/ResultSdmmc.cs
Spl,LibHac.Spl,LibHac/Spl/ResultSpl.cs
Ddsf,,
I2C,,
Gpio,,
Settings,,
Vi,,
Time,,
Bcat,LibHac.Bcat,LibHac/Bcat/ResultBcat.cs
Pcv,,
Nim,,
Psc,,
Erpt,,
Updater,,
Err,,
Fatal,,
CReport,,
Debug,,
Pwm,,
Powctl,,
Capture,,
Pgl,,
LibHac,LibHac.Common,LibHac/Common/ResultLibHac.cs